month,geoid,tract,type
2018-11-01,36067006101,61.01,Aggravated assault
2018-11-01,36067000600,06,Aggravated assault
2018-11-01,36067003200,32,Arson
2018-11-01,36067003900,39,Burglary
2018-11-01,36067003200,32,Larceny
2018-11-01,36067000100,01,Larceny
2018-11-01,36067000800,08,Robbery
2018-11-01,36067000600,06,Vehicle theft
2018-11-01,36067005700,57,Burglary
2018-11-01,36067003000,30,Larceny
2018-11-01,36067005100,51,Larceny
2018-11-01,36067003500,35,Larceny
2018-11-01,36067000100,01,Larceny
2018-11-01,36067005500,55,Larceny
2018-11-01,36067005500,55,Larceny
2018-11-01,36067005500,55,Larceny
2018-11-01,36067005500,55,Larceny
2018-11-01,36067005300,53,Larceny
2018-11-01,36067001600,16,Robbery
2018-11-01,36067005500,55,Robbery
2018-11-01,36067000800,08,Vehicle theft
2018-11-01,36067001702,17.02,Vehicle theft
2018-11-01,36067005400,54,Aggravated assault
2018-11-01,36067001900,19,Larceny
2018-11-01,36067005602,56.02,Larceny
2018-11-01,36067005602,56.02,Larceny
2018-11-01,36067005500,55,Larceny
2018-11-01,36067005500,55,Larceny
2018-11-01,36067002300,23,Larceny
2018-11-01,36067004600,46,Larceny
2018-11-01,36067003800,38,Vehicle theft
2018-11-01,36067003500,35,Vehicle theft
2018-11-01,36067005500,55,Burglary
2018-11-01,36067001500,15,Burglary
2018-11-01,36067003900,39,Burglary
2018-11-01,36067005800,58,Larceny
2018-11-01,36067001600,16,Larceny
2018-11-01,36067000100,01,Larceny
2018-11-01,36067000100,01,Larceny
2018-11-01,36067000100,01,Larceny
2018-11-01,36067003900,39,Larceny
2018-11-01,36067005100,51,Vehicle theft
2018-11-01,36067001400,14,Aggravated assault
2018-11-01,36067006000,60,Aggravated assault
2018-11-01,36067000501,05.01,Aggravated assault
2018-11-01,36067001701,17.01,Aggravated assault
2018-11-01,36067004200,42,Burglary
2018-11-01,36067004302,43.02,Burglary
2018-11-01,36067002400,24,Burglary
2018-11-01,36067000100,01,Burglary
2018-11-01,36067003601,36.01,Burglary
2018-11-01,36067003200,32,Larceny
2018-11-01,36067001000,10,Larceny
2018-11-01,36067004400,44,Larceny
2018-11-01,36067003200,32,Larceny
2018-11-01,36067005800,58,Aggravated assault
2018-11-01,36067001600,16,Larceny
2018-11-01,36067001702,17.02,Larceny
2018-11-01,36067003200,32,Larceny
2018-11-01,36067006000,60,Larceny
2018-11-01,36067000400,04,Larceny
2018-11-01,36067001701,17.01,Larceny
2018-11-01,36067004302,43.02,Larceny
2018-11-01,36067001900,19,Vehicle theft
2018-11-01,36067005200,52,Aggravated assault
2018-11-01,36067003400,34,Aggravated assault
2018-11-01,36067005800,58,Aggravated assault
2018-11-01,36067003200,32,Burglary
2018-11-01,36067003400,34,Burglary
2018-11-01,36067003800,38,Burglary
2018-11-01,36067004200,42,Larceny
2018-11-01,36067001702,17.02,Larceny
2018-11-01,36067003900,39,Larceny
2018-11-01,36067000100,01,Larceny
2018-11-01,36067000100,01,Larceny
2018-11-01,36067001702,17.02,Larceny
2018-11-01,36067001702,17.02,Larceny
2018-11-01,36067004200,42,Larceny
2018-11-01,36067003200,32,Larceny
2018-11-01,36067001400,14,Vehicle theft
2018-11-01,36067001702,17.02,Vehicle theft
2018-11-01,36067002901,29.01,Vehicle theft
2018-11-01,36067002901,29.01,Aggravated assault
2018-11-01,36067006103,61.03,Larceny
2018-11-01,36067000100,01,Larceny
2018-11-01,36067004000,40,Larceny
2018-11-01,36067000100,01,Larceny
2018-11-01,36067004400,44,Larceny
2018-11-01,36067001500,15,Larceny
2018-11-01,36067000900,09,Larceny
2018-11-01,36067005200,52,Larceny
2018-11-01,36067004302,43.02,Larceny
2018-11-01,36067000100,01,Robbery
2018-11-01,36067000900,09,Aggravated assault
2018-11-01,36067000600,06,Aggravated assault
2018-11-01,36067000501,05.01,Burglary
2018-11-01,36067000501,05.01,Burglary
2018-11-01,36067002300,23,Larceny
2018-11-01,36067000600,06,Larceny
2018-11-01,36067000300,03,Larceny
2018-11-01,36067003400,34,Larceny
2018-11-01,36067000100,01,Larceny
2018-11-01,36067004200,42,Larceny
2018-11-01,36067001600,16,Robbery
2018-11-01,36067001400,14,Robbery
2018-11-01,36067000700,07,Vehicle theft
2018-11-01,36067003800,38,Vehicle theft
2018-11-01,36067005000,50,Vehicle theft
2018-11-01,36067005400,54,Arson
2018-11-01,36067005100,51,Burglary
2018-11-01,36067000100,01,Larceny
2018-11-01,36067001400,14,Larceny
2018-11-01,36067003000,30,Larceny
2018-11-01,36067000100,01,Larceny
2018-11-01,36067005400,54,Robbery
2018-11-01,36067000700,07,Vehicle theft
2018-11-01,36067001000,10,Vehicle theft
2018-11-01,36067004900,49,Vehicle theft
2018-11-01,36067005900,59,Vehicle theft
2018-11-01,36067003900,39,Vehicle theft
2018-11-01,36067005400,54,Aggravated assault
2018-11-01,36067003500,35,Aggravated assault
2018-11-01,36067001800,18,Burglary
2018-11-01,36067002300,23,Larceny
2018-11-01,36067003602,36.02,Larceny
2018-11-01,36067004302,43.02,Larceny
2018-11-01,36067000100,01,Larceny
2018-11-01,36067000100,01,Larceny
2018-11-01,36067000100,01,Larceny
2018-11-01,36067004200,42,Larceny
2018-11-01,36067005200,52,Larceny
2018-11-01,36067000300,03,Larceny
2018-11-01,36067005900,59,Robbery
2018-11-01,36067003400,34,Vehicle theft
2018-11-01,36067004302,43.02,Vehicle theft
2018-11-01,36067004400,44,Vehicle theft
2018-11-01,36067002101,21.01,Aggravated assault
2018-11-01,36067005100,51,Arson
2018-11-01,36067005900,59,Burglary
2018-11-01,36067000300,03,Larceny
2018-11-01,36067001500,15,Larceny
2018-11-01,36067004400,44,Larceny
2018-11-01,36067004600,46,Larceny
2018-11-01,36067000100,01,Larceny
2018-11-01,36067004600,46,Larceny
2018-11-01,36067000200,02,Robbery
2018-11-01,36067004301,43.01,Robbery
2018-11-01,36067005601,56.01,Robbery
2018-11-01,36067002101,21.01,Vehicle theft
2018-11-01,36067001500,15,Vehicle theft
2018-11-01,36067004200,42,Vehicle theft
2018-11-01,36067002300,23,Arson
2018-11-01,36067000300,03,Burglary
2018-11-01,36067000200,02,Larceny
2018-11-01,36067000400,04,Larceny
2018-11-01,36067003000,30,Larceny
2018-11-01,36067004600,46,Larceny
2018-11-01,36067004302,43.02,Larceny
2018-11-01,36067002300,23,Robbery
2018-11-01,36067000501,05.01,Robbery
2018-11-01,36067003400,34,Vehicle theft
2018-11-01,36067003000,30,Aggravated assault
2018-11-01,36067001600,16,Burglary
2018-11-01,36067001600,16,Larceny
2018-11-01,36067000100,01,Larceny
2018-11-01,36067005601,56.01,Larceny
2018-11-01,36067003200,32,Larceny
2018-11-01,36067000700,07,Robbery
2018-11-01,36067003200,32,Robbery
2018-11-01,36067004301,43.01,Robbery
2018-11-01,36067001400,14,Robbery
2018-11-01,36067004400,44,Vehicle theft
2018-11-01,36067004900,49,Vehicle theft
2018-11-01,36067003602,36.02,Vehicle theft
2018-11-01,36067005300,53,Aggravated assault
2018-11-01,36067001000,10,Aggravated assault
2018-11-01,36067003601,36.01,Aggravated assault
2018-11-01,36067003500,35,Burglary
2018-11-01,36067000900,09,Burglary
2018-11-01,36067003900,39,Burglary
2018-11-01,36067005200,52,Burglary
2018-11-01,36067005500,55,Larceny
2018-11-01,36067005300,53,Larceny
2018-11-01,36067003602,36.02,Larceny
2018-11-01,36067000900,09,Larceny
2018-11-01,36067001702,17.02,Larceny
2018-11-01,36067000100,01,Larceny
2018-11-01,36067003900,39,Larceny
2018-11-01,36067003200,32,Larceny
2018-11-01,36067002300,23,Robbery
2018-11-01,36067005700,57,Robbery
2018-11-01,36067001702,17.02,Robbery
2018-11-01,36067000800,08,Robbery
2018-10-01,36067001500,15,Aggravated assault
2018-10-01,36067002101,21.01,Burglary
2018-10-01,36067006101,61.01,Burglary
2018-10-01,36067005700,57,Burglary
2018-10-01,36067004900,49,Burglary
2018-10-01,36067001701,17.01,Burglary
2018-10-01,36067004200,42,Larceny
2018-10-01,36067003500,35,Larceny
2018-10-01,36067000300,03,Larceny
2018-10-01,36067000600,06,Larceny
2018-10-01,36067000100,01,Larceny
2018-10-01,36067005400,54,Larceny
2018-10-01,36067000400,04,Larceny
2018-10-01,36067004200,42,Larceny
2018-10-01,36067003000,30,Larceny
2018-10-01,36067000900,09,Larceny
2018-10-01,36067001600,16,Larceny
2018-10-01,36067002101,21.01,Robbery
2018-10-01,36067006101,61.01,Robbery
2018-10-01,36067002901,29.01,Vehicle theft
2018-10-01,36067001000,10,Vehicle theft
2018-10-01,36067004600,46,Vehicle theft
2018-10-01,36067000800,08,Vehicle theft
2018-10-01,36067000501,05.01,Vehicle theft
2018-10-01,36067005100,51,Aggravated assault
2018-10-01,36067003601,36.01,Burglary
2018-10-01,36067003900,39,Burglary
2018-10-01,36067005800,58,Burglary
2018-10-01,36067001600,16,Burglary
2018-10-01,36067003000,30,Burglary
2018-10-01,36067001400,14,Burglary
2018-10-01,36067001600,16,Burglary
2018-10-01,36067004400,44,Larceny
2018-10-01,36067003800,38,Larceny
2018-10-01,36067005601,56.01,Larceny
2018-10-01,36067003900,39,Larceny
2018-10-01,36067004500,45,Larceny
2018-10-01,36067004600,46,Larceny
2018-10-01,36067004500,45,Larceny
2018-10-01,36067003602,36.02,Larceny
2018-10-01,36067003602,36.02,Larceny
2018-10-01,36067001000,10,Larceny
2018-10-01,36067005000,50,Larceny
2018-10-01,36067004400,44,Larceny
2018-10-01,36067001000,10,Larceny
2018-10-01,36067003000,30,Robbery
2018-10-01,36067000200,02,Robbery
2018-10-01,36067000100,01,Robbery
2018-10-01,36067001800,18,Vehicle theft
2018-10-01,36067004301,43.01,Vehicle theft
2018-10-01,36067004500,45,Vehicle theft
2018-10-01,36067001400,14,Aggravated assault
2018-10-01,36067004200,42,Aggravated assault
2018-10-01,36067002101,21.01,Burglary
2018-10-01,36067003000,30,Burglary
2018-10-01,36067001800,18,Burglary
2018-10-01,36067005500,55,Burglary
2018-10-01,36067006103,61.03,Larceny
2018-10-01,36067000100,01,Larceny
2018-10-01,36067003602,36.02,Larceny
2018-10-01,36067000501,05.01,Larceny
2018-10-01,36067001702,17.02,Larceny
2018-10-01,36067002300,23,Larceny
2018-10-01,36067002901,29.01,Larceny
2018-10-01,36067002901,29.01,Larceny
2018-10-01,36067004400,44,Larceny
2018-10-01,36067003200,32,Larceny
2018-10-01,36067001500,15,Robbery
2018-10-01,36067001800,18,Vehicle theft
2018-10-01,36067003601,36.01,Vehicle theft
2018-10-01,36067003400,34,Burglary
2018-10-01,36067001600,16,Burglary
2018-10-01,36067000600,06,Larceny
2018-10-01,36067000600,06,Larceny
2018-10-01,36067004302,43.02,Larceny
2018-10-01,36067001900,19,Larceny
2018-10-01,36067003000,30,Larceny
2018-10-01,36067002901,29.01,Larceny
2018-10-01,36067003200,32,Larceny
2018-10-01,36067001701,17.01,Larceny
2018-10-01,36067004400,44,Larceny
2018-10-01,36067004400,44,Larceny
2018-10-01,36067000200,02,Aggravated assault
2018-10-01,36067004301,43.01,Aggravated assault
2018-10-01,36067005400,54,Burglary
2018-10-01,36067005601,56.01,Larceny
2018-10-01,36067005300,53,Larceny
2018-10-01,36067000100,01,Larceny
2018-10-01,36067005500,55,Larceny
2018-10-01,36067003900,39,Larceny
2018-10-01,36067001600,16,Larceny
2018-10-01,36067000100,01,Larceny
2018-10-01,36067004400,44,Larceny
2018-10-01,36067004302,43.02,Larceny
2018-10-01,36067000600,06,Larceny
2018-10-01,36067002101,21.01,Robbery
2018-10-01,36067002400,24,Robbery
2018-10-01,36067004200,42,Aggravated assault
2018-10-01,36067004301,43.01,Aggravated assault
2018-10-01,36067000200,02,Burglary
2018-10-01,36067005400,54,Larceny
2018-10-01,36067004200,42,Larceny
2018-10-01,36067000100,01,Larceny
2018-10-01,36067005601,56.01,Larceny
2018-10-01,36067003900,39,Larceny
2018-10-01,36067003800,38,Vehicle theft
2018-10-01,36067000100,01,Vehicle theft
2018-10-01,36067001500,15,Aggravated assault
2018-10-01,36067004302,43.02,Burglary
2018-10-01,36067005400,54,Burglary
2018-10-01,36067005800,58,Larceny
2018-10-01,36067004400,44,Larceny
2018-10-01,36067001600,16,Larceny
2018-10-01,36067004600,46,Larceny
2018-10-01,36067005500,55,Larceny
2018-10-01,36067005500,55,Larceny
2018-10-01,36067004302,43.02,Larceny
2018-10-01,36067000100,01,Larceny
2018-10-01,36067000501,05.01,Larceny
2018-10-01,36067003500,35,Larceny
2018-10-01,36067003500,35,Larceny
2018-10-01,36067004600,46,Larceny
2018-10-01,36067005100,51,Larceny
2018-10-01,36067002700,27,Larceny
2018-10-01,36067003000,30,Larceny
2018-10-01,36067003200,32,Robbery
2018-10-01,36067003900,39,Robbery
2018-10-01,36067006103,61.03,Robbery
2018-10-01,36067001400,14,Vehicle theft
2018-10-01,36067001600,16,Aggravated assault
2018-10-01,36067001500,15,Aggravated assault
2018-10-01,36067003000,30,Burglary
2018-10-01,36067000501,05.01,Burglary
2018-10-01,36067000600,06,Burglary
2018-10-01,36067002101,21.01,Burglary
2018-10-01,36067001000,10,Burglary
2018-10-01,36067000900,09,Larceny
2018-10-01,36067003602,36.02,Larceny
2018-10-01,36067003200,32,Larceny
2018-10-01,36067004302,43.02,Larceny
2018-10-01,36067000100,01,Larceny
2018-10-01,36067004302,43.02,Larceny
2018-10-01,36067005800,58,Robbery
2018-10-01,36067005000,50,Vehicle theft
2018-10-01,36067005800,58,Burglary
2018-10-01,36067000501,05.01,Larceny
2018-10-01,36067003601,36.01,Larceny
2018-10-01,36067000100,01,Larceny
2018-10-01,36067001500,15,Larceny
2018-10-01,36067003400,34,Larceny
2018-10-01,36067001600,16,Larceny
2018-10-01,36067004600,46,Larceny
2018-10-01,36067002901,29.01,Larceny
2018-10-01,36067004600,46,Vehicle theft
2018-10-01,36067002901,29.01,Vehicle theft
2018-10-01,36067001600,16,Aggravated assault
2018-10-01,36067004000,40,Aggravated assault
2018-10-01,36067005700,57,Aggravated assault
2018-10-01,36067003200,32,Burglary
2018-10-01,36067005400,54,Burglary
2018-10-01,36067002000,20,Burglary
2018-10-01,36067003900,39,Larceny
2018-10-01,36067002300,23,Larceny
2018-10-01,36067000600,06,Larceny
2018-10-01,36067003900,39,Larceny
2018-10-01,36067000400,04,Larceny
2018-10-01,36067000501,05.01,Larceny
2018-10-01,36067004500,45,Larceny
2018-10-01,36067003200,32,Larceny
2018-10-01,36067001701,17.01,Larceny
2018-10-01,36067001900,19,Robbery
2018-10-01,36067005900,59,Vehicle theft
2018-10-01,36067004600,46,Vehicle theft
2018-10-01,36067003900,39,Aggravated assault
2018-10-01,36067001702,17.02,Aggravated assault
2018-10-01,36067000600,06,Burglary
2018-10-01,36067006101,61.01,Burglary
2018-10-01,36067004900,49,Burglary
2018-10-01,36067004400,44,Burglary
2018-10-01,36067006101,61.01,Larceny
2018-10-01,36067002700,27,Larceny
2018-10-01,36067003400,34,Larceny
2018-10-01,36067004800,48,Larceny
2018-10-01,36067000100,01,Larceny
2018-10-01,36067004600,46,Larceny
2018-10-01,36067000200,02,Larceny
2018-10-01,36067000100,01,Larceny
2018-10-01,36067003200,32,Larceny
2018-10-01,36067002901,29.01,Larceny
2018-10-01,36067002901,29.01,Larceny
2018-10-01,36067000200,02,Robbery
2018-10-01,36067004302,43.02,Vehicle theft
2018-10-01,36067003200,32,Aggravated assault
2018-10-01,36067000900,09,Burglary
2018-10-01,36067004500,45,Burglary
2018-10-01,36067004400,44,Larceny
2018-10-01,36067001400,14,Larceny
2018-10-01,36067000501,05.01,Larceny
2018-10-01,36067005000,50,Larceny
2018-10-01,36067005800,58,Larceny
2018-10-01,36067000501,05.01,Larceny
2018-10-01,36067000100,01,Larceny
2018-10-01,36067004400,44,Larceny
2018-10-01,36067000100,01,Larceny
2018-10-01,36067000100,01,Larceny
2018-10-01,36067000900,09,Larceny
2018-10-01,36067006101,61.01,Robbery
2018-10-01,36067003400,34,Vehicle theft
2018-10-01,36067000100,01,Aggravated assault
2018-10-01,36067001702,17.02,Aggravated assault
2018-10-01,36067000600,06,Burglary
2018-10-01,36067003900,39,Burglary
2018-10-01,36067001800,18,Larceny
2018-10-01,36067004500,45,Larceny
2018-10-01,36067001600,16,Larceny
2018-10-01,36067004400,44,Larceny
2018-10-01,36067004302,43.02,Larceny
2018-10-01,36067000900,09,Larceny
2018-10-01,36067002101,21.01,Vehicle theft
2018-10-01,36067001702,17.02,Vehicle theft
2018-10-01,36067003200,32,Aggravated assault
2018-10-01,36067000200,02,Burglary
2018-10-01,36067001000,10,Burglary
2018-10-01,36067000501,05.01,Burglary
2018-10-01,36067001900,19,Larceny
2018-10-01,36067000100,01,Larceny
2018-10-01,36067001500,15,Larceny
2018-10-01,36067000100,01,Larceny
2018-10-01,36067000600,06,Larceny
2018-10-01,36067000100,01,Larceny
2018-10-01,36067001800,18,Larceny
2018-10-01,36067001600,16,Larceny
2018-10-01,36067001701,17.01,Larceny
2018-10-01,36067005400,54,Robbery
2018-10-01,36067001500,15,Robbery
2018-10-01,36067000600,06,Burglary
2018-10-01,36067002300,23,Burglary
2018-10-01,36067001400,14,Burglary
2018-10-01,36067004500,45,Larceny
2018-10-01,36067000900,09,Larceny
2018-10-01,36067003200,32,Larceny
2018-10-01,36067003400,34,Larceny
2018-10-01,36067000100,01,Larceny
2018-10-01,36067005200,52,Larceny
2018-10-01,36067001000,10,Larceny
2018-10-01,36067001000,10,Larceny
2018-10-01,36067003602,36.02,Larceny
2018-10-01,36067004500,45,Larceny
2018-10-01,36067005900,59,Larceny
2018-10-01,36067004500,45,Robbery
2018-10-01,36067005400,54,Robbery
2018-10-01,36067001701,17.01,Vehicle theft
2018-10-01,36067001000,10,Vehicle theft
2018-10-01,36067003400,34,Vehicle theft
2018-10-01,36067005700,57,Aggravated assault
2018-10-01,36067001800,18,Aggravated assault
2018-10-01,36067004000,40,Aggravated assault
2018-10-01,36067000700,07,Burglary
2018-10-01,36067000800,08,Burglary
2018-10-01,36067001702,17.02,Burglary
2018-10-01,36067003000,30,Burglary
2018-10-01,36067001000,10,Larceny
2018-10-01,36067006103,61.03,Larceny
2018-10-01,36067003200,32,Larceny
2018-10-01,36067000100,01,Larceny
2018-10-01,36067002700,27,Larceny
2018-10-01,36067003000,30,Larceny
2018-10-01,36067005400,54,Robbery
2018-10-01,36067005400,54,Robbery
2018-10-01,36067001702,17.02,Aggravated assault
2018-10-01,36067006101,61.01,Burglary
2018-10-01,36067004500,45,Larceny
2018-10-01,36067005200,52,Larceny
2018-10-01,36067000100,01,Larceny
2018-10-01,36067002901,29.01,Larceny
2018-10-01,36067002901,29.01,Larceny
2018-10-01,36067000900,09,Larceny
2018-10-01,36067000100,01,Larceny
2018-10-01,36067001600,16,Robbery
2018-10-01,36067000700,07,Vehicle theft
2018-10-01,36067000501,05.01,Vehicle theft
2018-10-01,36067000900,09,Vehicle theft
2018-10-01,36067005000,50,Vehicle theft
2018-10-01,36067001500,15,Aggravated assault
2018-10-01,36067004400,44,Burglary
2018-10-01,36067000700,07,Burglary
2018-10-01,36067004302,43.02,Burglary
2018-10-01,36067000200,02,Burglary
2018-10-01,36067004600,46,Larceny
2018-10-01,36067005400,54,Larceny
2018-10-01,36067003000,30,Larceny
2018-10-01,36067004302,43.02,Larceny
2018-10-01,36067004600,46,Larceny
2018-10-01,36067003200,32,Larceny
2018-10-01,36067005900,59,Larceny
2018-10-01,36067003400,34,Vehicle theft
2018-10-01,36067002300,23,Vehicle theft
2018-10-01,36067006101,61.01,Vehicle theft
2018-10-01,36067003602,36.02,Aggravated assault
2018-10-01,36067006101,61.01,Aggravated assault
2018-10-01,36067004500,45,Burglary
2018-10-01,36067000600,06,Larceny
2018-10-01,36067001702,17.02,Larceny
2018-10-01,36067000700,07,Larceny
2018-10-01,36067000800,08,Larceny
2018-10-01,36067003200,32,Larceny
2018-10-01,36067000900,09,Larceny
2018-10-01,36067003500,35,Larceny
2018-10-01,36067002700,27,Larceny
2018-10-01,36067006101,61.01,Robbery
2018-10-01,36067005700,57,Aggravated assault
2018-10-01,36067000501,05.01,Aggravated assault
2018-10-01,36067001900,19,Burglary
2018-10-01,36067000800,08,Larceny
2018-10-01,36067003200,32,Larceny
2018-10-01,36067001400,14,Larceny
2018-10-01,36067001800,18,Larceny
2018-10-01,36067003602,36.02,Larceny
2018-10-01,36067004000,40,Larceny
2018-10-01,36067004400,44,Larceny
2018-10-01,36067004500,45,Larceny
2018-10-01,36067001900,19,Larceny
2018-10-01,36067005700,57,Robbery
2018-10-01,36067000700,07,Vehicle theft
2018-10-01,36067001702,17.02,Vehicle theft
2018-10-01,36067003900,39,Aggravated assault
2018-10-01,36067002101,21.01,Aggravated assault
2018-10-01,36067006101,61.01,Aggravated assault
2018-10-01,36067004302,43.02,Aggravated assault
2018-10-01,36067000400,04,Larceny
2018-10-01,36067003900,39,Larceny
2018-10-01,36067000200,02,Larceny
2018-10-01,36067004600,46,Larceny
2018-10-01,36067003200,32,Larceny
2018-10-01,36067004302,43.02,Larceny
2018-10-01,36067000100,01,Larceny
2018-10-01,36067000600,06,Larceny
2018-10-01,36067004400,44,Burglary
2018-10-01,36067001000,10,Burglary
2018-10-01,36067004400,44,Burglary
2018-10-01,36067004302,43.02,Larceny
2018-10-01,36067000300,03,Larceny
2018-10-01,36067001600,16,Larceny
2018-10-01,36067004600,46,Larceny
2018-10-01,36067001900,19,Larceny
2018-10-01,36067000100,01,Larceny
2018-10-01,36067005300,53,Robbery
2018-10-01,36067004900,49,Robbery
2018-10-01,36067004301,43.01,Vehicle theft
2018-10-01,36067002400,24,Aggravated assault
2018-10-01,36067003000,30,Aggravated assault
2018-10-01,36067000200,02,Burglary
2018-10-01,36067001702,17.02,Burglary
2018-10-01,36067004302,43.02,Burglary
2018-10-01,36067001900,19,Burglary
2018-10-01,36067003000,30,Larceny
2018-10-01,36067004400,44,Larceny
2018-10-01,36067002400,24,Larceny
2018-10-01,36067000200,02,Larceny
2018-10-01,36067004400,44,Larceny
2018-10-01,36067002901,29.01,Robbery
2018-10-01,36067000600,06,Robbery
2018-10-01,36067003200,32,Vehicle theft
2018-10-01,36067000100,01,Vehicle theft
2018-10-01,36067005900,59,Vehicle theft
2018-10-01,36067005200,52,Aggravated assault
2018-10-01,36067003400,34,Burglary
2018-10-01,36067003400,34,Burglary
2018-10-01,36067001500,15,Burglary
2018-10-01,36067003800,38,Burglary
2018-10-01,36067000501,05.01,Burglary
2018-10-01,36067001900,19,Larceny
2018-10-01,36067000200,02,Larceny
2018-10-01,36067006102,61.02,Larceny
2018-10-01,36067004200,42,Larceny
2018-10-01,36067001600,16,Larceny
2018-10-01,36067001600,16,Larceny
2018-10-01,36067005500,55,Vehicle theft
2018-10-01,36067004200,42,Aggravated assault
2018-10-01,36067004302,43.02,Larceny
2018-10-01,36067006000,60,Larceny
2018-10-01,36067002101,21.01,Larceny
2018-10-01,36067000900,09,Larceny
2018-10-01,36067006101,61.01,Larceny
2018-10-01,36067003601,36.01,Larceny
2018-10-01,36067000700,07,Larceny
2018-10-01,36067001000,10,Larceny
2018-10-01,36067001800,18,Larceny
2018-10-01,36067004302,43.02,Larceny
2018-10-01,36067001701,17.01,Larceny
2018-10-01,36067001400,14,Robbery
2018-10-01,36067002000,20,Vehicle theft
2018-10-01,36067000600,06,Aggravated assault
2018-10-01,36067000800,08,Aggravated assault
2018-10-01,36067002300,23,Larceny
2018-10-01,36067006000,60,Larceny
2018-10-01,36067005800,58,Larceny
2018-10-01,36067000100,01,Larceny
2018-10-01,36067001800,18,Larceny
2018-10-01,36067004400,44,Larceny
2018-10-01,36067000400,04,Larceny
2018-10-01,36067000100,01,Larceny
2018-10-01,36067001900,19,Robbery
2018-10-01,36067004600,46,Vehicle theft
2018-10-01,36067000900,09,Vehicle theft
2018-10-01,36067004200,42,Aggravated assault
2018-10-01,36067001500,15,Aggravated assault
2018-10-01,36067002300,23,Aggravated assault
2018-10-01,36067005400,54,Aggravated assault
2018-10-01,36067005200,52,Burglary
2018-10-01,36067001500,15,Larceny
2018-10-01,36067001800,18,Larceny
2018-10-01,36067002101,21.01,Larceny
2018-10-01,36067004400,44,Larceny
2018-10-01,36067000900,09,Larceny
2018-10-01,36067000900,09,Larceny
2018-10-01,36067004400,44,Larceny
2018-10-01,36067000100,01,Larceny
2018-10-01,36067002300,23,Robbery
2018-10-01,36067001000,10,Vehicle theft
2018-10-01,36067001701,17.01,Burglary
2018-10-01,36067001500,15,Burglary
2018-10-01,36067003200,32,Larceny
2018-10-01,36067003500,35,Larceny
2018-10-01,36067000400,04,Larceny
2018-10-01,36067003200,32,Larceny
2018-10-01,36067001500,15,Larceny
2018-10-01,36067000100,01,Larceny
2018-10-01,36067003601,36.01,Larceny
2018-10-01,36067001400,14,Robbery
2018-10-01,36067003500,35,Vehicle theft
2018-10-01,36067003800,38,Aggravated assault
2018-10-01,36067003500,35,Aggravated assault
2018-10-01,36067001400,14,Aggravated assault
2018-10-01,36067000501,05.01,Burglary
2018-10-01,36067005100,51,Larceny
2018-10-01,36067003200,32,Larceny
2018-10-01,36067002400,24,Larceny
2018-10-01,36067005500,55,Larceny
2018-10-01,36067003602,36.02,Larceny
2018-10-01,36067005200,52,Murder
2018-10-01,36067002101,21.01,Aggravated assault
2018-10-01,36067001702,17.02,Burglary
2018-10-01,36067000700,07,Burglary
2018-10-01,36067000100,01,Larceny
2018-10-01,36067005400,54,Larceny
2018-10-01,36067000900,09,Larceny
2018-10-01,36067003602,36.02,Larceny
2018-10-01,36067005800,58,Larceny
2018-10-01,36067001500,15,Larceny
2018-10-01,36067000200,02,Robbery
2018-10-01,36067000600,06,Vehicle theft
2018-10-01,36067001500,15,Aggravated assault
2018-10-01,36067005400,54,Aggravated assault
2018-10-01,36067005200,52,Aggravated assault
2018-10-01,36067003200,32,Burglary
2018-10-01,36067004900,49,Burglary
2018-10-01,36067003000,30,Burglary
2018-10-01,36067000100,01,Larceny
2018-10-01,36067000100,01,Larceny
2018-10-01,36067006103,61.03,Larceny
2018-10-01,36067006101,61.01,Larceny
2018-10-01,36067002101,21.01,Larceny
2018-10-01,36067005200,52,Larceny
2018-10-01,36067001500,15,Larceny
2018-10-01,36067000700,07,Larceny
2018-10-01,36067002000,20,Larceny
2018-10-01,36067000300,03,Larceny
2018-10-01,36067003400,34,Larceny
2018-10-01,36067003601,36.01,Larceny
2018-10-01,36067000900,09,Larceny
2018-10-01,36067002101,21.01,Larceny
2018-10-01,36067001702,17.02,Larceny
2018-10-01,36067000700,07,Larceny
2018-10-01,36067005100,51,Vehicle theft
2018-10-01,36067005601,56.01,Vehicle theft
2018-10-01,36067000501,05.01,Vehicle theft
2018-09-01,36067001500,15,Aggravated assault
2018-09-01,36067003200,32,Aggravated assault
2018-09-01,36067001600,16,Aggravated assault
2018-09-01,36067003200,32,Burglary
2018-09-01,36067000600,06,Burglary
2018-09-01,36067000400,04,Larceny
2018-09-01,36067001500,15,Larceny
2018-09-01,36067002101,21.01,Larceny
2018-09-01,36067000100,01,Larceny
2018-09-01,36067005000,50,Larceny
2018-09-01,36067003200,32,Larceny
2018-09-01,36067003200,32,Larceny
2018-09-01,36067003200,32,Larceny
2018-09-01,36067000100,01,Larceny
2018-09-01,36067003200,32,Larceny
2018-09-01,36067003200,32,Larceny
2018-09-01,36067003200,32,Larceny
2018-09-01,36067004400,44,Larceny
2018-09-01,36067000100,01,Larceny
2018-09-01,36067005400,54,Aggravated assault
2018-09-01,36067006101,61.01,Aggravated assault
2018-09-01,36067003500,35,Burglary
2018-09-01,36067002000,20,Burglary
2018-09-01,36067002000,20,Burglary
2018-09-01,36067002101,21.01,Larceny
2018-09-01,36067004302,43.02,Larceny
2018-09-01,36067000100,01,Larceny
2018-09-01,36067000501,05.01,Larceny
2018-09-01,36067003200,32,Larceny
2018-09-01,36067003200,32,Larceny
2018-09-01,36067002901,29.01,Robbery
2018-09-01,36067006103,61.03,Vehicle theft
2018-09-01,36067004900,49,Aggravated assault
2018-09-01,36067004000,40,Aggravated assault
2018-09-01,36067003400,34,Burglary
2018-09-01,36067003400,34,Burglary
2018-09-01,36067003800,38,Larceny
2018-09-01,36067001800,18,Larceny
2018-09-01,36067003000,30,Aggravated assault
2018-09-01,36067001500,15,Aggravated assault
2018-09-01,36067005300,53,Burglary
2018-09-01,36067000700,07,Burglary
2018-09-01,36067000600,06,Larceny
2018-09-01,36067000900,09,Larceny
2018-09-01,36067005601,56.01,Larceny
2018-09-01,36067001600,16,Larceny
2018-09-01,36067001500,15,Larceny
2018-09-01,36067001900,19,Larceny
2018-09-01,36067003200,32,Larceny
2018-09-01,36067004500,45,Larceny
2018-09-01,36067000100,01,Larceny
2018-09-01,36067003500,35,Larceny
2018-09-01,36067000600,06,Larceny
2018-09-01,36067000900,09,Larceny
2018-09-01,36067002000,20,Burglary
2018-09-01,36067006101,61.01,Burglary
2018-09-01,36067006103,61.03,Burglary
2018-09-01,36067000900,09,Larceny
2018-09-01,36067001900,19,Larceny
2018-09-01,36067005800,58,Larceny
2018-09-01,36067001500,15,Larceny
2018-09-01,36067001900,19,Larceny
2018-09-01,36067000100,01,Larceny
2018-09-01,36067000100,01,Larceny
2018-09-01,36067000800,08,Larceny
2018-09-01,36067002000,20,Vehicle theft
2018-09-01,36067000800,08,Burglary
2018-09-01,36067000600,06,Burglary
2018-09-01,36067005900,59,Burglary
2018-09-01,36067000700,07,Burglary
2018-09-01,36067005602,56.02,Burglary
2018-09-01,36067005200,52,Burglary
2018-09-01,36067004200,42,Burglary
2018-09-01,36067003800,38,Burglary
2018-09-01,36067000501,05.01,Larceny
2018-09-01,36067001500,15,Larceny
2018-09-01,36067000100,01,Larceny
2018-09-01,36067004200,42,Larceny
2018-09-01,36067003900,39,Larceny
2018-09-01,36067000300,03,Larceny
2018-09-01,36067001600,16,Larceny
2018-09-01,36067004400,44,Larceny
2018-09-01,36067003400,34,Larceny
2018-09-01,36067000400,04,Larceny
2018-09-01,36067001702,17.02,Vehicle theft
2018-09-01,36067002400,24,Aggravated assault
2018-09-01,36067005900,59,Aggravated assault
2018-09-01,36067000400,04,Burglary
2018-09-01,36067002101,21.01,Burglary
2018-09-01,36067000700,07,Burglary
2018-09-01,36067004500,45,Burglary
2018-09-01,36067001000,10,Larceny
2018-09-01,36067003800,38,Larceny
2018-09-01,36067000100,01,Larceny
2018-09-01,36067000100,01,Larceny
2018-09-01,36067005500,55,Larceny
2018-09-01,36067002300,23,Larceny
2018-09-01,36067000100,01,Larceny
2018-09-01,36067001800,18,Larceny
2018-09-01,36067003400,34,Larceny
2018-09-01,36067004800,48,Larceny
2018-09-01,36067001900,19,Larceny
2018-09-01,36067006102,61.02,Larceny
2018-09-01,36067000600,06,Robbery
2018-09-01,36067003200,32,Vehicle theft
2018-09-01,36067004000,40,Aggravated assault
2018-09-01,36067003200,32,Aggravated assault
2018-09-01,36067004600,46,Burglary
2018-09-01,36067001900,19,Larceny
2018-09-01,36067000700,07,Larceny
2018-09-01,36067005200,52,Larceny
2018-09-01,36067000900,09,Larceny
2018-09-01,36067001000,10,Larceny
2018-09-01,36067004302,43.02,Larceny
2018-09-01,36067001500,15,Larceny
2018-09-01,36067000100,01,Larceny
2018-09-01,36067000900,09,Larceny
2018-09-01,36067004500,45,Larceny
2018-09-01,36067003200,32,Vehicle theft
2018-09-01,36067005400,54,Vehicle theft
2018-09-01,36067005100,51,Aggravated assault
2018-09-01,36067001702,17.02,Aggravated assault
2018-09-01,36067004000,40,Burglary
2018-09-01,36067000400,04,Burglary
2018-09-01,36067005601,56.01,Burglary
2018-09-01,36067000400,04,Burglary
2018-09-01,36067006101,61.01,Larceny
2018-09-01,36067004400,44,Larceny
2018-09-01,36067001600,16,Larceny
2018-09-01,36067004200,42,Larceny
2018-09-01,36067001500,15,Larceny
2018-09-01,36067000100,01,Larceny
2018-09-01,36067006101,61.01,Larceny
2018-09-01,36067000501,05.01,Larceny
2018-09-01,36067001800,18,Larceny
2018-09-01,36067000100,01,Larceny
2018-09-01,36067001800,18,Robbery
2018-09-01,36067004500,45,Robbery
2018-09-01,36067005800,58,Vehicle theft
2018-09-01,36067000600,06,Burglary
2018-09-01,36067004302,43.02,Burglary
2018-09-01,36067000200,02,Larceny
2018-09-01,36067004000,40,Larceny
2018-09-01,36067000100,01,Larceny
2018-09-01,36067000100,01,Larceny
2018-09-01,36067004500,45,Larceny
2018-09-01,36067002901,29.01,Vehicle theft
2018-09-01,36067000600,06,Aggravated assault
2018-09-01,36067005200,52,Aggravated assault
2018-09-01,36067005300,53,Aggravated assault
2018-09-01,36067006101,61.01,Burglary
2018-09-01,36067000200,02,Burglary
2018-09-01,36067000501,05.01,Burglary
2018-09-01,36067003000,30,Larceny
2018-09-01,36067006101,61.01,Larceny
2018-09-01,36067001400,14,Larceny
2018-09-01,36067004400,44,Larceny
2018-09-01,36067006000,60,Aggravated assault
2018-09-01,36067000501,05.01,Aggravated assault
2018-09-01,36067003602,36.02,Aggravated assault
2018-09-01,36067004000,40,Aggravated assault
2018-09-01,36067001701,17.01,Burglary
2018-09-01,36067004600,46,Burglary
2018-09-01,36067005000,50,Burglary
2018-09-01,36067003602,36.02,Larceny
2018-09-01,36067006000,60,Larceny
2018-09-01,36067005601,56.01,Larceny
2018-09-01,36067000400,04,Larceny
2018-09-01,36067003200,32,Larceny
2018-09-01,36067005400,54,Larceny
2018-09-01,36067000900,09,Larceny
2018-09-01,36067000400,04,Larceny
2018-09-01,36067005400,54,Larceny
2018-09-01,36067006000,60,Vehicle theft
2018-09-01,36067005700,57,Vehicle theft
2018-09-01,36067003800,38,Aggravated assault
2018-09-01,36067005800,58,Aggravated assault
2018-09-01,36067005100,51,Aggravated assault
2018-09-01,36067002000,20,Burglary
2018-09-01,36067004900,49,Burglary
2018-09-01,36067005500,55,Larceny
2018-09-01,36067000100,01,Larceny
2018-09-01,36067005000,50,Larceny
2018-09-01,36067006000,60,Larceny
2018-09-01,36067003200,32,Larceny
2018-09-01,36067003200,32,Larceny
2018-09-01,36067003200,32,Larceny
2018-09-01,36067003602,36.02,Larceny
2018-09-01,36067003602,36.02,Larceny
2018-09-01,36067003200,32,Larceny
2018-09-01,36067003200,32,Larceny
2018-09-01,36067004600,46,Larceny
2018-09-01,36067002700,27,Larceny
2018-09-01,36067002300,23,Larceny
2018-09-01,36067004600,46,Larceny
2018-09-01,36067003601,36.01,Aggravated assault
2018-09-01,36067006101,61.01,Aggravated assault
2018-09-01,36067004301,43.01,Aggravated assault
2018-09-01,36067003800,38,Aggravated assault
2018-09-01,36067005400,54,Aggravated assault
2018-09-01,36067001900,19,Burglary
2018-09-01,36067000501,05.01,Burglary
2018-09-01,36067003900,39,Burglary
2018-09-01,36067000800,08,Larceny
2018-09-01,36067001400,14,Larceny
2018-09-01,36067001500,15,Larceny
2018-09-01,36067005500,55,Larceny
2018-09-01,36067006103,61.03,Larceny
2018-09-01,36067001600,16,Larceny
2018-09-01,36067005300,53,Larceny
2018-09-01,36067004400,44,Larceny
2018-09-01,36067001800,18,Larceny
2018-09-01,36067003200,32,Larceny
2018-09-01,36067004500,45,Larceny
2018-09-01,36067003500,35,Vehicle theft
2018-09-01,36067004301,43.01,Vehicle theft
2018-09-01,36067000200,02,Vehicle theft
2018-09-01,36067001000,10,Aggravated assault
2018-09-01,36067003800,38,Aggravated assault
2018-09-01,36067002300,23,Aggravated assault
2018-09-01,36067000501,05.01,Aggravated assault
2018-09-01,36067005800,58,Burglary
2018-09-01,36067001000,10,Burglary
2018-09-01,36067004000,40,Larceny
2018-09-01,36067000100,01,Larceny
2018-09-01,36067005601,56.01,Larceny
2018-09-01,36067004400,44,Larceny
2018-09-01,36067003200,32,Larceny
2018-09-01,36067000300,03,Larceny
2018-09-01,36067005200,52,Larceny
2018-09-01,36067005200,52,Larceny
2018-09-01,36067004600,46,Larceny
2018-09-01,36067001600,16,Larceny
2018-09-01,36067004302,43.02,Larceny
2018-09-01,36067004800,48,Larceny
2018-09-01,36067004302,43.02,Larceny
2018-09-01,36067003200,32,Larceny
2018-09-01,36067000100,01,Larceny
2018-09-01,36067004500,45,Larceny
2018-09-01,36067005500,55,Vehicle theft
2018-09-01,36067006101,61.01,Aggravated assault
2018-09-01,36067000600,06,Aggravated assault
2018-09-01,36067004500,45,Aggravated assault
2018-09-01,36067001702,17.02,Burglary
2018-09-01,36067003900,39,Burglary
2018-09-01,36067005100,51,Burglary
2018-09-01,36067000400,04,Larceny
2018-09-01,36067005800,58,Larceny
2018-09-01,36067003200,32,Larceny
2018-09-01,36067001702,17.02,Larceny
2018-09-01,36067003200,32,Larceny
2018-09-01,36067004302,43.02,Larceny
2018-09-01,36067005601,56.01,Larceny
2018-09-01,36067000100,01,Robbery
2018-09-01,36067006000,60,Vehicle theft
2018-09-01,36067006000,60,Aggravated assault
2018-09-01,36067000200,02,Aggravated assault
2018-09-01,36067003602,36.02,Burglary
2018-09-01,36067006102,61.02,Larceny
2018-09-01,36067001000,10,Larceny
2018-09-01,36067003900,39,Larceny
2018-09-01,36067006101,61.01,Larceny
2018-09-01,36067005800,58,Larceny
2018-09-01,36067000100,01,Larceny
2018-09-01,36067001600,16,Larceny
2018-09-01,36067000100,01,Larceny
2018-09-01,36067004600,46,Larceny
2018-09-01,36067004600,46,Larceny
2018-09-01,36067001600,16,Larceny
2018-09-01,36067003200,32,Larceny
2018-09-01,36067003602,36.02,Larceny
2018-09-01,36067004600,46,Larceny
2018-09-01,36067000100,01,Larceny
2018-09-01,36067001500,15,Robbery
2018-09-01,36067004400,44,Vehicle theft
2018-09-01,36067001702,17.02,Aggravated assault
2018-09-01,36067004200,42,Aggravated assault
2018-09-01,36067005700,57,Aggravated assault
2018-09-01,36067003900,39,Burglary
2018-09-01,36067002000,20,Burglary
2018-09-01,36067001600,16,Burglary
2018-09-01,36067005400,54,Burglary
2018-09-01,36067004900,49,Larceny
2018-09-01,36067002901,29.01,Larceny
2018-09-01,36067000100,01,Larceny
2018-09-01,36067006101,61.01,Larceny
2018-09-01,36067001900,19,Larceny
2018-09-01,36067004600,46,Larceny
2018-09-01,36067005400,54,Larceny
2018-09-01,36067006102,61.02,Larceny
2018-09-01,36067005800,58,Aggravated assault
2018-09-01,36067002101,21.01,Aggravated assault
2018-09-01,36067001500,15,Burglary
2018-09-01,36067000501,05.01,Burglary
2018-09-01,36067001702,17.02,Burglary
2018-09-01,36067001702,17.02,Burglary
2018-09-01,36067001400,14,Burglary
2018-09-01,36067005700,57,Burglary
2018-09-01,36067001600,16,Burglary
2018-09-01,36067000100,01,Larceny
2018-09-01,36067005800,58,Larceny
2018-09-01,36067004200,42,Larceny
2018-09-01,36067000100,01,Larceny
2018-09-01,36067002400,24,Larceny
2018-09-01,36067006101,61.01,Larceny
2018-09-01,36067000300,03,Larceny
2018-09-01,36067000100,01,Larceny
2018-09-01,36067006102,61.02,Larceny
2018-09-01,36067001000,10,Larceny
2018-09-01,36067005200,52,Larceny
2018-09-01,36067005500,55,Larceny
2018-09-01,36067000200,02,Aggravated assault
2018-09-01,36067001702,17.02,Aggravated assault
2018-09-01,36067004200,42,Aggravated assault
2018-09-01,36067002101,21.01,Burglary
2018-09-01,36067004302,43.02,Burglary
2018-09-01,36067004302,43.02,Burglary
2018-09-01,36067001600,16,Burglary
2018-09-01,36067004302,43.02,Burglary
2018-09-01,36067002101,21.01,Burglary
2018-09-01,36067000100,01,Burglary
2018-09-01,36067000800,08,Larceny
2018-09-01,36067003500,35,Larceny
2018-09-01,36067005300,53,Larceny
2018-09-01,36067002300,23,Larceny
2018-09-01,36067005100,51,Larceny
2018-09-01,36067005300,53,Larceny
2018-09-01,36067001600,16,Larceny
2018-09-01,36067004500,45,Larceny
2018-09-01,36067003200,32,Larceny
2018-09-01,36067004301,43.01,Aggravated assault
2018-09-01,36067004301,43.01,Aggravated assault
2018-09-01,36067002700,27,Burglary
2018-09-01,36067003900,39,Burglary
2018-09-01,36067000100,01,Burglary
2018-09-01,36067003900,39,Larceny
2018-09-01,36067001600,16,Larceny
2018-09-01,36067000100,01,Larceny
2018-09-01,36067003200,32,Larceny
2018-09-01,36067003400,34,Larceny
2018-09-01,36067000600,06,Robbery
2018-09-01,36067001600,16,Vehicle theft
2018-09-01,36067001500,15,Aggravated assault
2018-09-01,36067001800,18,Aggravated assault
2018-09-01,36067000501,05.01,Aggravated assault
2018-09-01,36067004301,43.01,Aggravated assault
2018-09-01,36067005800,58,Burglary
2018-09-01,36067004302,43.02,Burglary
2018-09-01,36067005500,55,Burglary
2018-09-01,36067004000,40,Larceny
2018-09-01,36067000100,01,Larceny
2018-09-01,36067000600,06,Larceny
2018-09-01,36067000100,01,Larceny
2018-09-01,36067002300,23,Larceny
2018-09-01,36067003601,36.01,Larceny
2018-09-01,36067004500,45,Larceny
2018-09-01,36067005400,54,Larceny
2018-09-01,36067000400,04,Vehicle theft
2018-09-01,36067004800,48,Vehicle theft
2018-09-01,36067000200,02,Burglary
2018-09-01,36067005400,54,Larceny
2018-09-01,36067005800,58,Larceny
2018-09-01,36067000300,03,Larceny
2018-09-01,36067003200,32,Larceny
2018-09-01,36067004600,46,Larceny
2018-09-01,36067003200,32,Larceny
2018-09-01,36067001000,10,Larceny
2018-09-01,36067005500,55,Larceny
2018-09-01,36067005700,57,Robbery
2018-09-01,36067000700,07,Robbery
2018-09-01,36067000400,04,Robbery
2018-09-01,36067005200,52,Vehicle theft
2018-09-01,36067003400,34,Aggravated assault
2018-09-01,36067003900,39,Aggravated assault
2018-09-01,36067002101,21.01,Burglary
2018-09-01,36067002000,20,Larceny
2018-09-01,36067003601,36.01,Larceny
2018-09-01,36067001600,16,Larceny
2018-09-01,36067001500,15,Larceny
2018-09-01,36067005200,52,Larceny
2018-09-01,36067002300,23,Larceny
2018-09-01,36067005700,57,Larceny
2018-09-01,36067002901,29.01,Larceny
2018-09-01,36067003400,34,Larceny
2018-09-01,36067001500,15,Larceny
2018-09-01,36067004400,44,Larceny
2018-09-01,36067004200,42,Larceny
2018-09-01,36067000100,01,Robbery
2018-09-01,36067005800,58,Burglary
2018-09-01,36067005800,58,Burglary
2018-09-01,36067000900,09,Burglary
2018-09-01,36067000501,05.01,Larceny
2018-09-01,36067003601,36.01,Larceny
2018-09-01,36067004302,43.02,Larceny
2018-09-01,36067003900,39,Larceny
2018-09-01,36067000100,01,Larceny
2018-09-01,36067002700,27,Larceny
2018-09-01,36067004500,45,Larceny
2018-09-01,36067004500,45,Larceny
2018-09-01,36067000800,08,Larceny
2018-09-01,36067002300,23,Larceny
2018-09-01,36067005500,55,Larceny
2018-09-01,36067005601,56.01,Vehicle theft
2018-09-01,36067002300,23,Aggravated assault
2018-09-01,36067002101,21.01,Aggravated assault
2018-09-01,36067002101,21.01,Aggravated assault
2018-09-01,36067005400,54,Aggravated assault
2018-09-01,36067000600,06,Aggravated assault
2018-09-01,36067000600,06,Burglary
2018-09-01,36067002101,21.01,Burglary
2018-09-01,36067003200,32,Larceny
2018-09-01,36067005900,59,Larceny
2018-09-01,36067002300,23,Larceny
2018-09-01,36067000600,06,Larceny
2018-09-01,36067000100,01,Larceny
2018-09-01,36067005300,53,Larceny
2018-09-01,36067000100,01,Larceny
2018-09-01,36067000600,06,Larceny
2018-09-01,36067003601,36.01,Larceny
2018-09-01,36067000600,06,Larceny
2018-09-01,36067001900,19,Larceny
2018-09-01,36067006101,61.01,Larceny
2018-09-01,36067000600,06,Larceny
2018-09-01,36067004000,40,Larceny
2018-09-01,36067004500,45,Larceny
2018-09-01,36067003800,38,Robbery
2018-09-01,36067002000,20,Robbery
2018-09-01,36067001500,15,Vehicle theft
2018-09-01,36067000900,09,Vehicle theft
2018-09-01,36067003200,32,Vehicle theft
2018-09-01,36067002700,27,Aggravated assault
2018-09-01,36067003200,32,Burglary
2018-09-01,36067000600,06,Burglary
2018-09-01,36067001500,15,Burglary
2018-09-01,36067003200,32,Larceny
2018-09-01,36067004000,40,Larceny
2018-09-01,36067005000,50,Larceny
2018-09-01,36067004200,42,Larceny
2018-09-01,36067003500,35,Larceny
2018-09-01,36067000501,05.01,Larceny
2018-09-01,36067005000,50,Larceny
2018-09-01,36067005000,50,Larceny
2018-09-01,36067000600,06,Larceny
2018-09-01,36067000600,06,Larceny
2018-09-01,36067003500,35,Vehicle theft
2018-09-01,36067003500,35,Vehicle theft
2018-09-01,36067004200,42,Aggravated assault
2018-09-01,36067002000,20,Aggravated assault
2018-09-01,36067004302,43.02,Burglary
2018-09-01,36067002901,29.01,Burglary
2018-09-01,36067001702,17.02,Burglary
2018-09-01,36067002101,21.01,Burglary
2018-09-01,36067001000,10,Burglary
2018-09-01,36067001500,15,Burglary
2018-09-01,36067006102,61.02,Larceny
2018-09-01,36067001500,15,Larceny
2018-09-01,36067001702,17.02,Larceny
2018-09-01,36067003200,32,Larceny
2018-09-01,36067001900,19,Larceny
2018-09-01,36067003200,32,Larceny
2018-09-01,36067003200,32,Larceny
2018-09-01,36067003200,32,Larceny
2018-09-01,36067006000,60,Robbery
2018-09-01,36067005400,54,Aggravated assault
2018-09-01,36067002901,29.01,Burglary
2018-09-01,36067001000,10,Larceny
2018-09-01,36067004400,44,Larceny
2018-09-01,36067004302,43.02,Larceny
2018-09-01,36067000100,01,Larceny
2018-09-01,36067000100,01,Larceny
2018-09-01,36067004500,45,Larceny
2018-09-01,36067000700,07,Larceny
2018-09-01,36067001000,10,Aggravated assault
2018-09-01,36067005500,55,Aggravated assault
2018-09-01,36067004301,43.01,Aggravated assault
2018-09-01,36067004302,43.02,Burglary
2018-09-01,36067002000,20,Burglary
2018-09-01,36067002400,24,Burglary
2018-09-01,36067002000,20,Larceny
2018-09-01,36067000100,01,Larceny
2018-09-01,36067006101,61.01,Larceny
2018-09-01,36067006103,61.03,Larceny
2018-09-01,36067004400,44,Larceny
2018-09-01,36067001800,18,Larceny
2018-09-01,36067004400,44,Robbery
2018-09-01,36067006102,61.02,Robbery
2018-08-01,36067004302,43.02,Aggravated assault
2018-08-01,36067002101,21.01,Larceny
2018-08-01,36067001600,16,Larceny
2018-08-01,36067001000,10,Larceny
2018-08-01,36067000100,01,Larceny
2018-08-01,36067004400,44,Larceny
2018-08-01,36067000900,09,Larceny
2018-08-01,36067004800,48,Larceny
2018-08-01,36067004600,46,Larceny
2018-08-01,36067004400,44,Larceny
2018-08-01,36067003200,32,Larceny
2018-08-01,36067000800,08,Vehicle theft
2018-08-01,36067001702,17.02,Vehicle theft
2018-08-01,36067000900,09,Aggravated assault
2018-08-01,36067003900,39,Aggravated assault
2018-08-01,36067005800,58,Aggravated assault
2018-08-01,36067003900,39,Burglary
2018-08-01,36067000700,07,Burglary
2018-08-01,36067002300,23,Burglary
2018-08-01,36067005400,54,Burglary
2018-08-01,36067005800,58,Burglary
2018-08-01,36067003400,34,Larceny
2018-08-01,36067000200,02,Larceny
2018-08-01,36067005800,58,Robbery
2018-08-01,36067000100,01,Robbery
2018-08-01,36067002700,27,Vehicle theft
2018-08-01,36067001900,19,Vehicle theft
2018-08-01,36067001600,16,Vehicle theft
2018-08-01,36067005100,51,Vehicle theft
2018-08-01,36067002400,24,Aggravated assault
2018-08-01,36067005200,52,Burglary
2018-08-01,36067000700,07,Burglary
2018-08-01,36067003400,34,Burglary
2018-08-01,36067000100,01,Burglary
2018-08-01,36067002300,23,Larceny
2018-08-01,36067002400,24,Larceny
2018-08-01,36067004600,46,Larceny
2018-08-01,36067000600,06,Larceny
2018-08-01,36067000800,08,Larceny
2018-08-01,36067000800,08,Larceny
2018-08-01,36067000100,01,Larceny
2018-08-01,36067000900,09,Larceny
2018-08-01,36067005200,52,Vehicle theft
2018-08-01,36067003200,32,Vehicle theft
2018-08-01,36067003601,36.01,Vehicle theft
2018-08-01,36067002901,29.01,Aggravated assault
2018-08-01,36067001400,14,Burglary
2018-08-01,36067001000,10,Burglary
2018-08-01,36067003601,36.01,Burglary
2018-08-01,36067003400,34,Larceny
2018-08-01,36067002300,23,Larceny
2018-08-01,36067006103,61.03,Larceny
2018-08-01,36067000100,01,Larceny
2018-08-01,36067003500,35,Larceny
2018-08-01,36067000100,01,Larceny
2018-08-01,36067006103,61.03,Larceny
2018-08-01,36067002101,21.01,Larceny
2018-08-01,36067004600,46,Larceny
2018-08-01,36067004302,43.02,Larceny
2018-08-01,36067001500,15,Robbery
2018-08-01,36067003800,38,Vehicle theft
2018-08-01,36067006101,61.01,Vehicle theft
2018-08-01,36067004000,40,Aggravated assault
2018-08-01,36067003900,39,Aggravated assault
2018-08-01,36067003500,35,Aggravated assault
2018-08-01,36067004200,42,Arson
2018-08-01,36067004600,46,Burglary
2018-08-01,36067004301,43.01,Burglary
2018-08-01,36067004302,43.02,Burglary
2018-08-01,36067000600,06,Larceny
2018-08-01,36067002300,23,Larceny
2018-08-01,36067003200,32,Larceny
2018-08-01,36067001500,15,Larceny
2018-08-01,36067005400,54,Larceny
2018-08-01,36067002300,23,Larceny
2018-08-01,36067002101,21.01,Larceny
2018-08-01,36067005200,52,Larceny
2018-08-01,36067001500,15,Larceny
2018-08-01,36067000100,01,Larceny
2018-08-01,36067003200,32,Robbery
2018-08-01,36067000900,09,Robbery
2018-08-01,36067005200,52,Aggravated assault
2018-08-01,36067001500,15,Burglary
2018-08-01,36067000200,02,Burglary
2018-08-01,36067003200,32,Larceny
2018-08-01,36067003200,32,Larceny
2018-08-01,36067005700,57,Larceny
2018-08-01,36067000100,01,Larceny
2018-08-01,36067001702,17.02,Larceny
2018-08-01,36067004302,43.02,Larceny
2018-08-01,36067004500,45,Larceny
2018-08-01,36067005500,55,Larceny
2018-08-01,36067005500,55,Larceny
2018-08-01,36067000100,01,Larceny
2018-08-01,36067001400,14,Larceny
2018-08-01,36067004301,43.01,Robbery
2018-08-01,36067000700,07,Vehicle theft
2018-08-01,36067005800,58,Aggravated assault
2018-08-01,36067003900,39,Aggravated assault
2018-08-01,36067005900,59,Burglary
2018-08-01,36067002101,21.01,Burglary
2018-08-01,36067002300,23,Larceny
2018-08-01,36067000100,01,Larceny
2018-08-01,36067000100,01,Larceny
2018-08-01,36067004400,44,Larceny
2018-08-01,36067000100,01,Larceny
2018-08-01,36067000100,01,Larceny
2018-08-01,36067004500,45,Larceny
2018-08-01,36067005500,55,Larceny
2018-08-01,36067004500,45,Larceny
2018-08-01,36067003200,32,Larceny
2018-08-01,36067002700,27,Larceny
2018-08-01,36067004600,46,Robbery
2018-08-01,36067001400,14,Burglary
2018-08-01,36067004600,46,Burglary
2018-08-01,36067000600,06,Larceny
2018-08-01,36067004400,44,Larceny
2018-08-01,36067005300,53,Larceny
2018-08-01,36067001900,19,Larceny
2018-08-01,36067004600,46,Larceny
2018-08-01,36067001000,10,Vehicle theft
2018-08-01,36067000100,01,Vehicle theft
2018-08-01,36067003400,34,Burglary
2018-08-01,36067000300,03,Burglary
2018-08-01,36067004301,43.01,Burglary
2018-08-01,36067002300,23,Larceny
2018-08-01,36067006000,60,Larceny
2018-08-01,36067004302,43.02,Larceny
2018-08-01,36067004500,45,Larceny
2018-08-01,36067001800,18,Larceny
2018-08-01,36067005400,54,Vehicle theft
2018-08-01,36067000600,06,Vehicle theft
2018-08-01,36067005000,50,Aggravated assault
2018-08-01,36067004800,48,Burglary
2018-08-01,36067000800,08,Larceny
2018-08-01,36067006101,61.01,Larceny
2018-08-01,36067005500,55,Larceny
2018-08-01,36067003200,32,Larceny
2018-08-01,36067005400,54,Larceny
2018-08-01,36067000900,09,Larceny
2018-08-01,36067002101,21.01,Larceny
2018-08-01,36067004302,43.02,Larceny
2018-08-01,36067000100,01,Larceny
2018-08-01,36067003200,32,Larceny
2018-08-01,36067001800,18,Vehicle theft
2018-08-01,36067002400,24,Aggravated assault
2018-08-01,36067000600,06,Aggravated assault
2018-08-01,36067006000,60,Aggravated assault
2018-08-01,36067003601,36.01,Aggravated assault
2018-08-01,36067001900,19,Burglary
2018-08-01,36067001400,14,Burglary
2018-08-01,36067001400,14,Burglary
2018-08-01,36067001600,16,Burglary
2018-08-01,36067000600,06,Burglary
2018-08-01,36067005400,54,Burglary
2018-08-01,36067001900,19,Larceny
2018-08-01,36067003500,35,Larceny
2018-08-01,36067004200,42,Larceny
2018-08-01,36067001702,17.02,Larceny
2018-08-01,36067005800,58,Larceny
2018-08-01,36067000600,06,Larceny
2018-08-01,36067004302,43.02,Larceny
2018-08-01,36067000100,01,Larceny
2018-08-01,36067005601,56.01,Larceny
2018-08-01,36067002901,29.01,Larceny
2018-08-01,36067003400,34,Larceny
2018-08-01,36067000100,01,Vehicle theft
2018-08-01,36067000100,01,Vehicle theft
2018-08-01,36067005400,54,Aggravated assault
2018-08-01,36067001500,15,Aggravated assault
2018-08-01,36067006101,61.01,Arson
2018-08-01,36067005800,58,Burglary
2018-08-01,36067000800,08,Burglary
2018-08-01,36067000501,05.01,Larceny
2018-08-01,36067000100,01,Larceny
2018-08-01,36067004200,42,Larceny
2018-08-01,36067001600,16,Larceny
2018-08-01,36067001900,19,Larceny
2018-08-01,36067001800,18,Larceny
2018-08-01,36067003900,39,Larceny
2018-08-01,36067002400,24,Larceny
2018-08-01,36067001000,10,Vehicle theft
2018-08-01,36067005100,51,Vehicle theft
2018-08-01,36067001600,16,Aggravated assault
2018-08-01,36067000100,01,Aggravated assault
2018-08-01,36067001600,16,Aggravated assault
2018-08-01,36067003601,36.01,Aggravated assault
2018-08-01,36067001701,17.01,Burglary
2018-08-01,36067004500,45,Burglary
2018-08-01,36067006000,60,Burglary
2018-08-01,36067003400,34,Burglary
2018-08-01,36067004500,45,Larceny
2018-08-01,36067003200,32,Larceny
2018-08-01,36067004600,46,Larceny
2018-08-01,36067001701,17.01,Larceny
2018-08-01,36067003800,38,Larceny
2018-08-01,36067003200,32,Larceny
2018-08-01,36067004600,46,Larceny
2018-08-01,36067002400,24,Robbery
2018-08-01,36067004500,45,Vehicle theft
2018-08-01,36067003200,32,Aggravated assault
2018-08-01,36067006103,61.03,Aggravated assault
2018-08-01,36067002400,24,Burglary
2018-08-01,36067000600,06,Burglary
2018-08-01,36067004000,40,Burglary
2018-08-01,36067001900,19,Larceny
2018-08-01,36067000100,01,Larceny
2018-08-01,36067005700,57,Larceny
2018-08-01,36067006000,60,Larceny
2018-08-01,36067006000,60,Larceny
2018-08-01,36067006000,60,Larceny
2018-08-01,36067004302,43.02,Larceny
2018-08-01,36067001400,14,Aggravated assault
2018-08-01,36067005800,58,Aggravated assault
2018-08-01,36067005100,51,Aggravated assault
2018-08-01,36067002101,21.01,Aggravated assault
2018-08-01,36067001800,18,Aggravated assault
2018-08-01,36067003602,36.02,Burglary
2018-08-01,36067002101,21.01,Burglary
2018-08-01,36067005200,52,Burglary
2018-08-01,36067006000,60,Burglary
2018-08-01,36067005800,58,Burglary
2018-08-01,36067003000,30,Burglary
2018-08-01,36067006000,60,Larceny
2018-08-01,36067006000,60,Larceny
2018-08-01,36067006101,61.01,Larceny
2018-08-01,36067003200,32,Larceny
2018-08-01,36067002901,29.01,Larceny
2018-08-01,36067000600,06,Larceny
2018-08-01,36067001600,16,Larceny
2018-08-01,36067002101,21.01,Larceny
2018-08-01,36067001400,14,Aggravated assault
2018-08-01,36067003800,38,Burglary
2018-08-01,36067003800,38,Burglary
2018-08-01,36067001400,14,Burglary
2018-08-01,36067001400,14,Burglary
2018-08-01,36067005200,52,Burglary
2018-08-01,36067001702,17.02,Burglary
2018-08-01,36067002901,29.01,Larceny
2018-08-01,36067001800,18,Larceny
2018-08-01,36067003602,36.02,Larceny
2018-08-01,36067004200,42,Larceny
2018-08-01,36067004600,46,Larceny
2018-08-01,36067000501,05.01,Aggravated assault
2018-08-01,36067005800,58,Aggravated assault
2018-08-01,36067003602,36.02,Burglary
2018-08-01,36067002700,27,Burglary
2018-08-01,36067005100,51,Burglary
2018-08-01,36067003800,38,Larceny
2018-08-01,36067005500,55,Larceny
2018-08-01,36067002101,21.01,Larceny
2018-08-01,36067001500,15,Larceny
2018-08-01,36067000100,01,Larceny
2018-08-01,36067005000,50,Larceny
2018-08-01,36067002300,23,Larceny
2018-08-01,36067004500,45,Larceny
2018-08-01,36067003601,36.01,Larceny
2018-08-01,36067003601,36.01,Larceny
2018-08-01,36067003900,39,Robbery
2018-08-01,36067004000,40,Aggravated assault
2018-08-01,36067005200,52,Aggravated assault
2018-08-01,36067003200,32,Burglary
2018-08-01,36067005100,51,Burglary
2018-08-01,36067000600,06,Burglary
2018-08-01,36067003500,35,Larceny
2018-08-01,36067000400,04,Larceny
2018-08-01,36067000100,01,Larceny
2018-08-01,36067002101,21.01,Larceny
2018-08-01,36067004400,44,Larceny
2018-08-01,36067000800,08,Robbery
2018-08-01,36067005100,51,Vehicle theft
2018-08-01,36067004000,40,Aggravated assault
2018-08-01,36067002101,21.01,Aggravated assault
2018-08-01,36067006101,61.01,Aggravated assault
2018-08-01,36067005500,55,Burglary
2018-08-01,36067001400,14,Burglary
2018-08-01,36067004500,45,Burglary
2018-08-01,36067001701,17.01,Burglary
2018-08-01,36067002700,27,Burglary
2018-08-01,36067006000,60,Larceny
2018-08-01,36067004500,45,Larceny
2018-08-01,36067002000,20,Larceny
2018-08-01,36067006000,60,Larceny
2018-08-01,36067001000,10,Larceny
2018-08-01,36067000100,01,Larceny
2018-08-01,36067002300,23,Larceny
2018-08-01,36067000300,03,Larceny
2018-08-01,36067003500,35,Larceny
2018-08-01,36067004500,45,Larceny
2018-08-01,36067003200,32,Larceny
2018-08-01,36067006000,60,Larceny
2018-08-01,36067004400,44,Larceny
2018-08-01,36067001500,15,Vehicle theft
2018-08-01,36067001800,18,Aggravated assault
2018-08-01,36067000600,06,Aggravated assault
2018-08-01,36067001500,15,Aggravated assault
2018-08-01,36067006101,61.01,Aggravated assault
2018-08-01,36067005300,53,Aggravated assault
2018-08-01,36067005800,58,Aggravated assault
2018-08-01,36067001900,19,Larceny
2018-08-01,36067000600,06,Larceny
2018-08-01,36067002101,21.01,Larceny
2018-08-01,36067000600,06,Larceny
2018-08-01,36067002901,29.01,Larceny
2018-08-01,36067003200,32,Larceny
2018-08-01,36067003900,39,Larceny
2018-08-01,36067001600,16,Robbery
2018-08-01,36067005200,52,Vehicle theft
2018-08-01,36067005900,59,Aggravated assault
2018-08-01,36067001400,14,Burglary
2018-08-01,36067003400,34,Burglary
2018-08-01,36067003900,39,Burglary
2018-08-01,36067004400,44,Burglary
2018-08-01,36067004400,44,Burglary
2018-08-01,36067004400,44,Larceny
2018-08-01,36067003500,35,Larceny
2018-08-01,36067003200,32,Larceny
2018-08-01,36067003602,36.02,Larceny
2018-08-01,36067001900,19,Larceny
2018-08-01,36067003602,36.02,Larceny
2018-08-01,36067003200,32,Larceny
2018-08-01,36067001900,19,Larceny
2018-08-01,36067002901,29.01,Robbery
2018-08-01,36067000400,04,Burglary
2018-08-01,36067000400,04,Burglary
2018-08-01,36067003500,35,Burglary
2018-08-01,36067005500,55,Larceny
2018-08-01,36067003000,30,Larceny
2018-08-01,36067004200,42,Larceny
2018-08-01,36067001800,18,Larceny
2018-08-01,36067001600,16,Larceny
2018-08-01,36067000100,01,Larceny
2018-08-01,36067001900,19,Larceny
2018-08-01,36067003602,36.02,Larceny
2018-08-01,36067003800,38,Aggravated assault
2018-08-01,36067006000,60,Aggravated assault
2018-08-01,36067005900,59,Burglary
2018-08-01,36067000501,05.01,Burglary
2018-08-01,36067002101,21.01,Burglary
2018-08-01,36067002700,27,Burglary
2018-08-01,36067003400,34,Burglary
2018-08-01,36067002700,27,Larceny
2018-08-01,36067002300,23,Larceny
2018-08-01,36067001500,15,Larceny
2018-08-01,36067000100,01,Larceny
2018-08-01,36067002101,21.01,Larceny
2018-08-01,36067001500,15,Larceny
2018-08-01,36067002101,21.01,Larceny
2018-08-01,36067003400,34,Larceny
2018-08-01,36067000100,01,Larceny
2018-08-01,36067000100,01,Larceny
2018-08-01,36067005400,54,Robbery
2018-08-01,36067001400,14,Aggravated assault
2018-08-01,36067003200,32,Aggravated assault
2018-08-01,36067000501,05.01,Burglary
2018-08-01,36067003500,35,Burglary
2018-08-01,36067003400,34,Burglary
2018-08-01,36067000900,09,Burglary
2018-08-01,36067000501,05.01,Larceny
2018-08-01,36067000100,01,Larceny
2018-08-01,36067000100,01,Larceny
2018-08-01,36067003000,30,Larceny
2018-08-01,36067003500,35,Larceny
2018-08-01,36067001000,10,Larceny
2018-08-01,36067004500,45,Larceny
2018-08-01,36067006000,60,Larceny
2018-08-01,36067001500,15,Robbery
2018-08-01,36067002300,23,Robbery
2018-08-01,36067000100,01,Vehicle theft
2018-08-01,36067000100,01,Vehicle theft
2018-08-01,36067005800,58,Vehicle theft
2018-08-01,36067005100,51,Aggravated assault
2018-08-01,36067003900,39,Aggravated assault
2018-08-01,36067004302,43.02,Burglary
2018-08-01,36067004000,40,Burglary
2018-08-01,36067002101,21.01,Burglary
2018-08-01,36067005100,51,Burglary
2018-08-01,36067002101,21.01,Larceny
2018-08-01,36067004400,44,Larceny
2018-08-01,36067006101,61.01,Larceny
2018-08-01,36067003602,36.02,Larceny
2018-08-01,36067005500,55,Larceny
2018-08-01,36067002400,24,Larceny
2018-08-01,36067002300,23,Larceny
2018-08-01,36067000200,02,Larceny
2018-08-01,36067006101,61.01,Larceny
2018-08-01,36067000100,01,Larceny
2018-08-01,36067000200,02,Larceny
2018-08-01,36067000100,01,Larceny
2018-08-01,36067003200,32,Larceny
2018-08-01,36067003200,32,Larceny
2018-08-01,36067005900,59,Larceny
2018-08-01,36067004400,44,Larceny
2018-08-01,36067002101,21.01,Larceny
2018-08-01,36067004200,42,Robbery
2018-08-01,36067001600,16,Vehicle theft
2018-08-01,36067002300,23,Burglary
2018-08-01,36067005700,57,Burglary
2018-08-01,36067002400,24,Larceny
2018-08-01,36067000100,01,Larceny
2018-08-01,36067000100,01,Larceny
2018-08-01,36067000100,01,Larceny
2018-08-01,36067002101,21.01,Larceny
2018-08-01,36067000200,02,Larceny
2018-08-01,36067003500,35,Larceny
2018-08-01,36067000100,01,Larceny
2018-08-01,36067002300,23,Larceny
2018-08-01,36067006101,61.01,Aggravated assault
2018-08-01,36067002300,23,Aggravated assault
2018-08-01,36067002400,24,Aggravated assault
2018-08-01,36067000501,05.01,Aggravated assault
2018-08-01,36067000900,09,Burglary
2018-08-01,36067001500,15,Burglary
2018-08-01,36067005800,58,Burglary
2018-08-01,36067003200,32,Larceny
2018-08-01,36067002901,29.01,Larceny
2018-08-01,36067004302,43.02,Larceny
2018-08-01,36067002300,23,Larceny
2018-08-01,36067001500,15,Larceny
2018-08-01,36067003200,32,Larceny
2018-08-01,36067003200,32,Larceny
2018-08-01,36067000200,02,Vehicle theft
2018-08-01,36067003200,32,Vehicle theft
2018-08-01,36067000200,02,Aggravated assault
2018-08-01,36067004500,45,Burglary
2018-08-01,36067004302,43.02,Larceny
2018-08-01,36067003602,36.02,Larceny
2018-08-01,36067000100,01,Larceny
2018-08-01,36067001900,19,Larceny
2018-08-01,36067004600,46,Larceny
2018-08-01,36067000100,01,Larceny
2018-08-01,36067003200,32,Larceny
2018-08-01,36067002400,24,Larceny
2018-08-01,36067005900,59,Aggravated assault
2018-08-01,36067000800,08,Aggravated assault
2018-08-01,36067003900,39,Burglary
2018-08-01,36067000501,05.01,Burglary
2018-08-01,36067006101,61.01,Larceny
2018-08-01,36067002101,21.01,Larceny
2018-08-01,36067001600,16,Larceny
2018-08-01,36067005200,52,Larceny
2018-08-01,36067000100,01,Larceny
2018-08-01,36067005400,54,Larceny
2018-08-01,36067006101,61.01,Larceny
2018-08-01,36067001900,19,Aggravated assault
2018-08-01,36067004200,42,Aggravated assault
2018-08-01,36067004000,40,Aggravated assault
2018-08-01,36067005400,54,Burglary
2018-08-01,36067000600,06,Burglary
2018-08-01,36067000400,04,Larceny
2018-08-01,36067002901,29.01,Larceny
2018-08-01,36067005900,59,Larceny
2018-08-01,36067002700,27,Larceny
2018-08-01,36067000100,01,Larceny
2018-08-01,36067003900,39,Larceny
2018-08-01,36067001701,17.01,Larceny
2018-08-01,36067005400,54,Larceny
2018-08-01,36067000700,07,Larceny
2018-08-01,36067003900,39,Larceny
2018-08-01,36067000100,01,Larceny
2018-08-01,36067001900,19,Larceny
2018-08-01,36067001600,16,Robbery
2018-08-01,36067003200,32,Aggravated assault
2018-08-01,36067002000,20,Burglary
2018-08-01,36067002901,29.01,Larceny
2018-08-01,36067003400,34,Larceny
2018-08-01,36067002300,23,Larceny
2018-08-01,36067000100,01,Larceny
2018-08-01,36067001000,10,Larceny
2018-08-01,36067001400,14,Larceny
2018-08-01,36067001701,17.01,Larceny
2018-08-01,36067006101,61.01,Larceny
2018-08-01,36067002700,27,Larceny
2018-08-01,36067002700,27,Larceny
2018-08-01,36067002101,21.01,Larceny
2018-08-01,36067000200,02,Robbery
2018-08-01,36067000100,01,Robbery
2018-08-01,36067003400,34,Robbery
2018-08-01,36067002400,24,Vehicle theft
2018-08-01,36067002101,21.01,Vehicle theft
2018-07-01,36067000400,04,Burglary
2018-07-01,36067002300,23,Larceny
2018-07-01,36067001702,17.02,Larceny
2018-07-01,36067003400,34,Larceny
2018-07-01,36067001400,14,Larceny
2018-07-01,36067000100,01,Larceny
2018-07-01,36067005100,51,Larceny
2018-07-01,36067003800,38,Larceny
2018-07-01,36067001900,19,Larceny
2018-07-01,36067002901,29.01,Larceny
2018-07-01,36067005900,59,Larceny
2018-07-01,36067004302,43.02,Larceny
2018-07-01,36067004301,43.01,Vehicle theft
2018-07-01,36067005400,54,Vehicle theft
2018-07-01,36067005000,50,Aggravated assault
2018-07-01,36067001400,14,Aggravated assault
2018-07-01,36067002101,21.01,Aggravated assault
2018-07-01,36067002101,21.01,Aggravated assault
2018-07-01,36067002300,23,Burglary
2018-07-01,36067001400,14,Burglary
2018-07-01,36067003601,36.01,Burglary
2018-07-01,36067000800,08,Burglary
2018-07-01,36067006101,61.01,Burglary
2018-07-01,36067000100,01,Larceny
2018-07-01,36067003400,34,Larceny
2018-07-01,36067000400,04,Larceny
2018-07-01,36067000100,01,Larceny
2018-07-01,36067006101,61.01,Larceny
2018-07-01,36067000600,06,Larceny
2018-07-01,36067003900,39,Larceny
2018-07-01,36067000100,01,Larceny
2018-07-01,36067004500,45,Larceny
2018-07-01,36067000100,01,Larceny
2018-07-01,36067002300,23,Aggravated assault
2018-07-01,36067000700,07,Burglary
2018-07-01,36067003602,36.02,Larceny
2018-07-01,36067003602,36.02,Larceny
2018-07-01,36067000100,01,Larceny
2018-07-01,36067000100,01,Larceny
2018-07-01,36067002901,29.01,Larceny
2018-07-01,36067001000,10,Robbery
2018-07-01,36067001702,17.02,Aggravated assault
2018-07-01,36067005900,59,Burglary
2018-07-01,36067002101,21.01,Burglary
2018-07-01,36067000501,05.01,Larceny
2018-07-01,36067003200,32,Larceny
2018-07-01,36067000600,06,Larceny
2018-07-01,36067000100,01,Larceny
2018-07-01,36067004000,40,Larceny
2018-07-01,36067003601,36.01,Larceny
2018-07-01,36067004301,43.01,Larceny
2018-07-01,36067006000,60,Larceny
2018-07-01,36067004600,46,Larceny
2018-07-01,36067005300,53,Vehicle theft
2018-07-01,36067000300,03,Vehicle theft
2018-07-01,36067000200,02,Vehicle theft
2018-07-01,36067006000,60,Aggravated assault
2018-07-01,36067000501,05.01,Aggravated assault
2018-07-01,36067000200,02,Burglary
2018-07-01,36067001000,10,Larceny
2018-07-01,36067005500,55,Larceny
2018-07-01,36067001000,10,Larceny
2018-07-01,36067001000,10,Larceny
2018-07-01,36067006103,61.03,Larceny
2018-07-01,36067003200,32,Larceny
2018-07-01,36067001701,17.01,Larceny
2018-07-01,36067000501,05.01,Larceny
2018-07-01,36067003000,30,Larceny
2018-07-01,36067000900,09,Larceny
2018-07-01,36067000100,01,Larceny
2018-07-01,36067003900,39,Robbery
2018-07-01,36067005601,56.01,Vehicle theft
2018-07-01,36067005800,58,Aggravated assault
2018-07-01,36067003800,38,Aggravated assault
2018-07-01,36067002400,24,Burglary
2018-07-01,36067005200,52,Larceny
2018-07-01,36067001000,10,Larceny
2018-07-01,36067002700,27,Larceny
2018-07-01,36067006102,61.02,Larceny
2018-07-01,36067003500,35,Aggravated assault
2018-07-01,36067005400,54,Aggravated assault
2018-07-01,36067005900,59,Larceny
2018-07-01,36067000100,01,Larceny
2018-07-01,36067003601,36.01,Larceny
2018-07-01,36067000200,02,Larceny
2018-07-01,36067005300,53,Larceny
2018-07-01,36067000501,05.01,Robbery
2018-07-01,36067001500,15,Robbery
2018-07-01,36067003000,30,Aggravated assault
2018-07-01,36067003900,39,Aggravated assault
2018-07-01,36067003602,36.02,Burglary
2018-07-01,36067005200,52,Burglary
2018-07-01,36067003601,36.01,Larceny
2018-07-01,36067002901,29.01,Larceny
2018-07-01,36067001702,17.02,Larceny
2018-07-01,36067001600,16,Larceny
2018-07-01,36067000600,06,Larceny
2018-07-01,36067000100,01,Larceny
2018-07-01,36067006102,61.02,Larceny
2018-07-01,36067005500,55,Larceny
2018-07-01,36067000400,04,Larceny
2018-07-01,36067003200,32,Robbery
2018-07-01,36067005100,51,Robbery
2018-07-01,36067001000,10,Vehicle theft
2018-07-01,36067004800,48,Vehicle theft
2018-07-01,36067001000,10,Vehicle theft
2018-07-01,36067004900,49,Aggravated assault
2018-07-01,36067005100,51,Aggravated assault
2018-07-01,36067005500,55,Aggravated assault
2018-07-01,36067002400,24,Aggravated assault
2018-07-01,36067001701,17.01,Burglary
2018-07-01,36067001600,16,Burglary
2018-07-01,36067006101,61.01,Larceny
2018-07-01,36067006102,61.02,Larceny
2018-07-01,36067001600,16,Larceny
2018-07-01,36067000100,01,Larceny
2018-07-01,36067000100,01,Larceny
2018-07-01,36067000200,02,Larceny
2018-07-01,36067000100,01,Larceny
2018-07-01,36067000100,01,Larceny
2018-07-01,36067003601,36.01,Vehicle theft
2018-07-01,36067001600,16,Vehicle theft
2018-07-01,36067002901,29.01,Vehicle theft
2018-07-01,36067003900,39,Vehicle theft
2018-07-01,36067000600,06,Aggravated assault
2018-07-01,36067002700,27,Aggravated assault
2018-07-01,36067004200,42,Aggravated assault
2018-07-01,36067005900,59,Aggravated assault
2018-07-01,36067003900,39,Burglary
2018-07-01,36067000100,01,Larceny
2018-07-01,36067005900,59,Larceny
2018-07-01,36067003200,32,Aggravated assault
2018-07-01,36067005200,52,Aggravated assault
2018-07-01,36067005800,58,Aggravated assault
2018-07-01,36067001400,14,Aggravated assault
2018-07-01,36067003900,39,Burglary
2018-07-01,36067005400,54,Burglary
2018-07-01,36067001600,16,Burglary
2018-07-01,36067000501,05.01,Larceny
2018-07-01,36067002300,23,Larceny
2018-07-01,36067000100,01,Larceny
2018-07-01,36067003000,30,Larceny
2018-07-01,36067000100,01,Larceny
2018-07-01,36067001701,17.01,Larceny
2018-07-01,36067000400,04,Larceny
2018-07-01,36067000100,01,Larceny
2018-07-01,36067004301,43.01,Larceny
2018-07-01,36067003602,36.02,Larceny
2018-07-01,36067002300,23,Robbery
2018-07-01,36067004000,40,Vehicle theft
2018-07-01,36067005200,52,Vehicle theft
2018-07-01,36067006101,61.01,Aggravated assault
2018-07-01,36067002700,27,Aggravated assault
2018-07-01,36067000600,06,Aggravated assault
2018-07-01,36067005200,52,Aggravated assault
2018-07-01,36067001400,14,Burglary
2018-07-01,36067001800,18,Burglary
2018-07-01,36067002901,29.01,Larceny
2018-07-01,36067002101,21.01,Larceny
2018-07-01,36067000100,01,Larceny
2018-07-01,36067005500,55,Larceny
2018-07-01,36067000100,01,Larceny
2018-07-01,36067000100,01,Larceny
2018-07-01,36067004500,45,Larceny
2018-07-01,36067000400,04,Larceny
2018-07-01,36067004400,44,Larceny
2018-07-01,36067004301,43.01,Aggravated assault
2018-07-01,36067005800,58,Aggravated assault
2018-07-01,36067004200,42,Burglary
2018-07-01,36067000100,01,Larceny
2018-07-01,36067003602,36.02,Larceny
2018-07-01,36067003200,32,Larceny
2018-07-01,36067005000,50,Vehicle theft
2018-07-01,36067003200,32,Vehicle theft
2018-07-01,36067001000,10,Burglary
2018-07-01,36067001500,15,Burglary
2018-07-01,36067001702,17.02,Burglary
2018-07-01,36067003900,39,Larceny
2018-07-01,36067001701,17.01,Larceny
2018-07-01,36067004302,43.02,Larceny
2018-07-01,36067003900,39,Larceny
2018-07-01,36067006101,61.01,Larceny
2018-07-01,36067000100,01,Larceny
2018-07-01,36067001500,15,Larceny
2018-07-01,36067002300,23,Larceny
2018-07-01,36067000501,05.01,Larceny
2018-07-01,36067003200,32,Robbery
2018-07-01,36067002300,23,Vehicle theft
2018-07-01,36067004500,45,Vehicle theft
2018-07-01,36067003500,35,Aggravated assault
2018-07-01,36067005800,58,Aggravated assault
2018-07-01,36067003601,36.01,Burglary
2018-07-01,36067002101,21.01,Burglary
2018-07-01,36067001400,14,Larceny
2018-07-01,36067002300,23,Larceny
2018-07-01,36067003000,30,Robbery
2018-07-01,36067000400,04,Vehicle theft
2018-07-01,36067003601,36.01,Aggravated assault
2018-07-01,36067003601,36.01,Aggravated assault
2018-07-01,36067000501,05.01,Aggravated assault
2018-07-01,36067003200,32,Aggravated assault
2018-07-01,36067005400,54,Aggravated assault
2018-07-01,36067001900,19,Burglary
2018-07-01,36067000501,05.01,Burglary
2018-07-01,36067005300,53,Burglary
2018-07-01,36067002901,29.01,Burglary
2018-07-01,36067001500,15,Larceny
2018-07-01,36067005200,52,Larceny
2018-07-01,36067000100,01,Larceny
2018-07-01,36067000600,06,Larceny
2018-07-01,36067000100,01,Larceny
2018-07-01,36067002300,23,Larceny
2018-07-01,36067005500,55,Larceny
2018-07-01,36067002300,23,Larceny
2018-07-01,36067004200,42,Larceny
2018-07-01,36067003500,35,Larceny
2018-07-01,36067004500,45,Larceny
2018-07-01,36067000200,02,Robbery
2018-07-01,36067001600,16,Robbery
2018-07-01,36067000600,06,Vehicle theft
2018-07-01,36067003000,30,Aggravated assault
2018-07-01,36067004600,46,Aggravated assault
2018-07-01,36067006101,61.01,Aggravated assault
2018-07-01,36067002101,21.01,Aggravated assault
2018-07-01,36067001600,16,Aggravated assault
2018-07-01,36067000200,02,Aggravated assault
2018-07-01,36067005800,58,Burglary
2018-07-01,36067002101,21.01,Burglary
2018-07-01,36067005500,55,Burglary
2018-07-01,36067000600,06,Burglary
2018-07-01,36067003900,39,Burglary
2018-07-01,36067005100,51,Larceny
2018-07-01,36067000100,01,Larceny
2018-07-01,36067003900,39,Larceny
2018-07-01,36067000200,02,Larceny
2018-07-01,36067000100,01,Larceny
2018-07-01,36067000400,04,Larceny
2018-07-01,36067000100,01,Larceny
2018-07-01,36067000501,05.01,Larceny
2018-07-01,36067000100,01,Larceny
2018-07-01,36067006101,61.01,Larceny
2018-07-01,36067006103,61.03,Larceny
2018-07-01,36067003900,39,Robbery
2018-07-01,36067002300,23,Aggravated assault
2018-07-01,36067003900,39,Aggravated assault
2018-07-01,36067000600,06,Aggravated assault
2018-07-01,36067004000,40,Aggravated assault
2018-07-01,36067005200,52,Burglary
2018-07-01,36067002400,24,Burglary
2018-07-01,36067000600,06,Burglary
2018-07-01,36067000200,02,Larceny
2018-07-01,36067003800,38,Larceny
2018-07-01,36067000100,01,Larceny
2018-07-01,36067000600,06,Larceny
2018-07-01,36067000100,01,Larceny
2018-07-01,36067000100,01,Larceny
2018-07-01,36067005400,54,Larceny
2018-07-01,36067001702,17.02,Larceny
2018-07-01,36067002300,23,Aggravated assault
2018-07-01,36067001500,15,Aggravated assault
2018-07-01,36067003200,32,Aggravated assault
2018-07-01,36067005900,59,Arson
2018-07-01,36067002700,27,Burglary
2018-07-01,36067004500,45,Burglary
2018-07-01,36067001702,17.02,Larceny
2018-07-01,36067003602,36.02,Larceny
2018-07-01,36067001702,17.02,Larceny
2018-07-01,36067003200,32,Larceny
2018-07-01,36067003200,32,Larceny
2018-07-01,36067003200,32,Robbery
2018-07-01,36067004200,42,Robbery
2018-07-01,36067005300,53,Vehicle theft
2018-07-01,36067004000,40,Vehicle theft
2018-07-01,36067005800,58,Aggravated assault
2018-07-01,36067000100,01,Larceny
2018-07-01,36067000100,01,Larceny
2018-07-01,36067003200,32,Larceny
2018-07-01,36067000100,01,Larceny
2018-07-01,36067004500,45,Larceny
2018-07-01,36067002901,29.01,Larceny
2018-07-01,36067000501,05.01,Larceny
2018-07-01,36067006102,61.02,Vehicle theft
2018-07-01,36067003800,38,Vehicle theft
2018-07-01,36067001500,15,Aggravated assault
2018-07-01,36067004500,45,Burglary
2018-07-01,36067000300,03,Larceny
2018-07-01,36067003800,38,Larceny
2018-07-01,36067005800,58,Larceny
2018-07-01,36067003400,34,Larceny
2018-07-01,36067003602,36.02,Larceny
2018-07-01,36067001600,16,Larceny
2018-07-01,36067000100,01,Larceny
2018-07-01,36067004400,44,Larceny
2018-07-01,36067003601,36.01,Larceny
2018-07-01,36067005400,54,Robbery
2018-07-01,36067002300,23,Aggravated assault
2018-07-01,36067001701,17.01,Aggravated assault
2018-07-01,36067005800,58,Aggravated assault
2018-07-01,36067000400,04,Burglary
2018-07-01,36067006101,61.01,Burglary
2018-07-01,36067000100,01,Larceny
2018-07-01,36067004200,42,Larceny
2018-07-01,36067000100,01,Larceny
2018-07-01,36067001400,14,Larceny
2018-07-01,36067006101,61.01,Larceny
2018-07-01,36067000100,01,Larceny
2018-07-01,36067003500,35,Larceny
2018-07-01,36067005500,55,Vehicle theft
2018-07-01,36067006101,61.01,Aggravated assault
2018-07-01,36067005900,59,Aggravated assault
2018-07-01,36067004301,43.01,Aggravated assault
2018-07-01,36067004301,43.01,Aggravated assault
2018-07-01,36067001000,10,Burglary
2018-07-01,36067002700,27,Burglary
2018-07-01,36067002101,21.01,Burglary
2018-07-01,36067003602,36.02,Burglary
2018-07-01,36067000100,01,Larceny
2018-07-01,36067001701,17.01,Larceny
2018-07-01,36067006103,61.03,Larceny
2018-07-01,36067003500,35,Larceny
2018-07-01,36067000100,01,Larceny
2018-07-01,36067004200,42,Larceny
2018-07-01,36067001500,15,Aggravated assault
2018-07-01,36067002300,23,Aggravated assault
2018-07-01,36067003900,39,Aggravated assault
2018-07-01,36067000100,01,Burglary
2018-07-01,36067005400,54,Burglary
2018-07-01,36067003800,38,Burglary
2018-07-01,36067003200,32,Larceny
2018-07-01,36067001600,16,Larceny
2018-07-01,36067004302,43.02,Larceny
2018-07-01,36067000100,01,Larceny
2018-07-01,36067000100,01,Larceny
2018-07-01,36067000100,01,Larceny
2018-07-01,36067004600,46,Larceny
2018-07-01,36067005601,56.01,Larceny
2018-07-01,36067002101,21.01,Burglary
2018-07-01,36067000100,01,Burglary
2018-07-01,36067000600,06,Larceny
2018-07-01,36067000100,01,Larceny
2018-07-01,36067002101,21.01,Larceny
2018-07-01,36067001702,17.02,Robbery
2018-07-01,36067003500,35,Aggravated assault
2018-07-01,36067006101,61.01,Burglary
2018-07-01,36067002400,24,Burglary
2018-07-01,36067001000,10,Larceny
2018-07-01,36067000100,01,Larceny
2018-07-01,36067000100,01,Larceny
2018-07-01,36067000100,01,Larceny
2018-07-01,36067005000,50,Larceny
2018-07-01,36067002101,21.01,Larceny
2018-07-01,36067000200,02,Larceny
2018-07-01,36067000600,06,Vehicle theft
2018-07-01,36067000501,05.01,Aggravated assault
2018-07-01,36067002101,21.01,Aggravated assault
2018-07-01,36067005000,50,Aggravated assault
2018-07-01,36067003900,39,Aggravated assault
2018-07-01,36067006101,61.01,Burglary
2018-07-01,36067005900,59,Burglary
2018-07-01,36067003500,35,Larceny
2018-07-01,36067005300,53,Larceny
2018-07-01,36067001702,17.02,Larceny
2018-07-01,36067000600,06,Larceny
2018-07-01,36067004600,46,Larceny
2018-07-01,36067005400,54,Aggravated assault
2018-07-01,36067003200,32,Burglary
2018-07-01,36067000300,03,Burglary
2018-07-01,36067000300,03,Burglary
2018-07-01,36067000100,01,Larceny
2018-07-01,36067003200,32,Larceny
2018-07-01,36067002101,21.01,Larceny
2018-07-01,36067001800,18,Larceny
2018-07-01,36067004302,43.02,Larceny
2018-07-01,36067001500,15,Vehicle theft
2018-07-01,36067001500,15,Vehicle theft
2018-07-01,36067006000,60,Aggravated assault
2018-07-01,36067000600,06,Aggravated assault
2018-07-01,36067000501,05.01,Burglary
2018-07-01,36067006101,61.01,Burglary
2018-07-01,36067003200,32,Larceny
2018-07-01,36067005500,55,Larceny
2018-07-01,36067000100,01,Larceny
2018-07-01,36067000600,06,Larceny
2018-07-01,36067001500,15,Larceny
2018-07-01,36067001900,19,Larceny
2018-07-01,36067000100,01,Larceny
2018-07-01,36067001400,14,Larceny
2018-07-01,36067003200,32,Vehicle theft
2018-07-01,36067005400,54,Aggravated assault
2018-07-01,36067001600,16,Aggravated assault
2018-07-01,36067000501,05.01,Aggravated assault
2018-07-01,36067001400,14,Burglary
2018-07-01,36067005700,57,Burglary
2018-07-01,36067006101,61.01,Burglary
2018-07-01,36067000501,05.01,Burglary
2018-07-01,36067002101,21.01,Larceny
2018-07-01,36067000100,01,Larceny
2018-07-01,36067003601,36.01,Larceny
2018-07-01,36067004301,43.01,Larceny
2018-07-01,36067000700,07,Larceny
2018-07-01,36067005000,50,Robbery
2018-07-01,36067005400,54,Robbery
2018-07-01,36067001000,10,Vehicle theft
2018-07-01,36067001900,19,Vehicle theft
